1792 Ridgemont Reserve, 1792
Aberfeldy 12,
Aberlour 10,
Aberlour 12 Double Cask Matured,
Aberlour 12 Non Chill Filtered,
Aberlour 12 Sherry Cask Matured,
Aberlour 16,
Aberlour 18,
Aberlour A'bunadh,
Aberlour A'bunadh batch #36,
Aberlour A'bunadh batch #39,
Aberlour A'bunadh batch #40,
Aberlour A'bunadh batch #41,
Aberlour A'bunadh batch #42,
Aberlour A'bunadh batch #45,
Aberlour A'bunadh batch #46,
Aberlour A'bunadh batch #47,
Alberta Premium Dark Horse,
Amrut Cask Strength,
Amrut Fusion,
Amrut Kadhambam,
Amrut Peated Cask Strength,
Amrut Portonova,
Amrut Single Malt Whisky,
AnCnoc 12,
AnCnoc 16,
AnCnoc Rutter,
Angel's Envy,
Angel's Envy Cask Strength,
Angel's Envy Rye,
Ardbeg 10,
Ardbeg 21 Sovereign,
Ardbeg Airigh Nam Beist 1990,
Ardbeg Alligator,
Ardbeg Ardbog,
Ardbeg Auriverdes,
Ardbeg Blasda,
Ardbeg Corryvreckan,
Ardbeg Day,
Ardbeg Galileo,
Ardbeg Supernova 2014,
Ardbeg Uigeadail,
Ardmore Traditional Cask Peated,
Arran 10,
Arran 12 Cask Strength,
Arran 14,
Arran Amarone Cask Finish,
Arran Port Cask Finish,
Arran Sauternes Cask Finish,
Arran Sherry Single Cask,
Auchentoshan 12,
Auchentoshan American Oak,
Auchentoshan Classic,
Auchentoshan Three Wood,
Auchentoshan Valinch,
Baker's 107,
Balcones Baby Blue,
Balcones Brimstone,
Balcones Texas Single Malt,
Ballantine's Finest,
Balvenie 10 Founder's Reserve,
Balvenie 12 Doublewood,
Balvenie 12 Signature,
Balvenie 12 Single Barrel First Fill,
Balvenie 14 Caribbean Cask,
Balvenie 14 Golden Cask,
Balvenie 15 Single Barrel,
Balvenie 15 Single Barrel Sherry Cask,
Balvenie 17 Doublewood,
Balvenie 17 Madeira Cask,
Balvenie 17 Peated Cask,
Balvenie 21 Portwood,
Balvenie Tun 1401 Batch #3,
Balvenie Tun 1401 Batch #5,
Basil Hayden,
BenRiach 10 Curiositas,
BenRiach 12,
BenRiach 12 Importanticus Fumosus,
BenRiach 12 Sherry Matured,
BenRiach 16,
BenRiach 17 Solstice,
BenRiach 21 Authenticus Peated,
Benrinnes 14 AD Rattray Sherry Cask,
Benrinnes 14 Lady of the Glen 1999,
Benrinnes 15 DARKNESS! Oloroso,
Benrinnes 15 DARKNESS! Pedro Ximenez,
Benrinnes 23,
Benromach 10,
Benromach 10 100 Proof,
Benromach Traditional,
Bernheim Original Small Batch Wheat Whiskey,
Black Bottle,
Black Bottle ,
Black Grouse,
Black Maple Hill,
Blanton's Original Single Barrel,
Blanton's Straight from the Barrel,
Booker's 25th Anniversary,
Booker's Bourbon,
Bowmore 12,
Bowmore 15 Darkest,
Bowmore 15 Laimrig,
Bowmore 18,
Bowmore Devil's Cask,
Bowmore Legend,
Bowmore Tempest Batch 3,
Breckenridge Bourbon,
Bruichladdich Bere Barley 2006,
Bruichladdich Black Art 2,
Bruichladdich Black Art 3,
Bruichladdich Islay Barley 2006,
Bruichladdich Octomore 2.2 Orpheus,
Bruichladdich Octomore 4.2_167 Comus,
Bruichladdich Octomore 5.1,
Bruichladdich Octomore 6.1,
Bruichladdich Octomore 6.3,
Bruichladdich PC7,
Bruichladdich Port Charlotte 10,
Bruichladdich Port Charlotte An Turas Mor,
Bruichladdich Port Charlotte Scottish Barley,
Bruichladdich Port Charlotte The Peat Project,
Bruichladdich Port Charlotte Tro Na Linntean,
Bruichladdich Rocks,
Bruichladdich The Classic Laddie,
Bruichladdich The Laddie Sixteen,
Bruichladdich The Laddie Ten,
Bruichladdich The Organic,
Bruichladdich Waves,
Buchanan's 12 De Luxe,
Buffalo Trace,
Bulleit Bourbon,
Bulleit Bourbon 10,
Bulleit Rye,
Bunnahabhain 12,
Bunnahabhain 18,
Bunnahabhain 25,
Bunnahabhain Toiteach,
Bushmills 10,
Bushmills 16,
Bushmills Black Bush,
Bushmills Original,
Caol Ila 12,
Caol Ila 18,
Caol Ila Cask Strength,
Caol Ila Distiller's Edition,
Caol Ila Stitchell Reserve,
Caperdonich 18 Signatory,
Cardhu 12,
Chivas Regal 12,
Clynelish 14,
Colonel E.H. Taylor Barrel Proof,
Colonel E.H. Taylor Single Barrel,
Colonel E.H. Taylor Small Batch,
Colonel E.H. Taylor Straight Rye,
Compass Box Asyla,
Compass Box Flaming Heart,
Compass Box Great King St. Artist's Blend,
Compass Box Hedonism,
Compass Box Oak Cross,
Compass Box Peat Monster,
Compass Box Spice Tree,
Connemara Peated,
Cragganmore 12,
Craigellachie 13,
Crown Royal Northern Harvest Rye,
Crown Royal Special Reserve,
Cutty Sark,
Dalmore 12,
Dalmore 1263 King Alexander III,
Dalmore 15,
Dalmore Cigar Malt,
Dalwhinnie 15,
Deanston 12,
Deanston Virgin Oak,
Dewar's 12,
Dewar's White Label,
Dimple Pinch 15,
Eagle Rare 10,
Eagle Rare 17,
Eagle Rare 17 2013,
Edradour 10,
Elijah Craig 12,
Elijah Craig 18,
Elijah Craig Barrel Proof,
Elmer T. Lee,
Evan Williams 1783,
Evan Williams Black Label,
Evan Williams Bottled in Bond,
Evan Williams Single Barrel 2002,
Evan Williams Single Barrel 2003,
Evan Williams Single Barrel 2004,
Famous Grouse,
Finlaggan Old Reserve,
Forty Creek Barrel Select,
Forty Creek Confederation Oak,
Forty Creek Copper Pot Reserve,
Four Roses /r/bourbon selection OBSF,
Four Roses /r/bourbon selection OBSK,
Four Roses Single Barrel,
Four Roses Single Barrel Private Selection OBSF,
Four Roses Single Barrel Private Selection OBSK,
Four Roses Single Barrel Private Selection OBSO,
Four Roses Single Barrel Private Selection OBSQ,
Four Roses Single Barrel Private Selection OBSV,
Four Roses Single Barrel Private Selection OESF,
Four Roses Single Barrel Private Selection OESK,
Four Roses Single Barrel Private Selection OESO,
Four Roses Single Barrel Private Selection OESQ,
Four Roses Single Barrel Private Selection OESV,
Four Roses Small Batch,
Four Roses Small Batch Limited Edition 2013,
Four Roses Small Batch Limited Edition 2014,
Four Roses Yellow Label,
Gentleman Jack,
George T Stagg,
George T Stagg 2012,
George T Stagg 2013,
George T Stagg 2014,
Glen Elgin 12,
Glen Garioch 12,
Glen Garioch Founder's Reserve,
Glen Grant 10,
Glendronach 12,
GlenDronach 12 Original,
GlenDronach 15 Revival,
GlenDronach 18 Allardice,
GlenDronach 21 Parliament,
GlenDronach Cask Strength,
Glenfarclas 10,
Glenfarclas 105 Cask Strength,
Glenfarclas 12,
Glenfarclas 15,
Glenfarclas 17,
Glenfarclas 21,
Glenfarclas 25,
Glenfarclas 31 Port Cask,
Glenfarclas 40,
Glenfiddich 12,
Glenfiddich 14 Rich Oak,
Glenfiddich 15,
Glenfiddich 15 Distillery Edition,
Glenfiddich 18,
Glenfiddich 21 Gran Reserva,
Glenfiddich Snow Phoenix,
Glengoyne 10,
Glengoyne 12,
Glengoyne 17,
Glengoyne 21,
Glenkinchie 12,
Glenlivet 12,
Glenlivet 15 French Oak Reserve,
Glenlivet 16 Nadurra,
Glenlivet 18,
Glenlivet 21 Archive,
Glenlivet 25,
Glenlochy 31 Signatory 1980,
Glenlossie 19 Signatory 1992,
Glenmorangie 10 Original,
Glenmorangie 18,
Glenmorangie Artein,
Glenmorangie Astar,
Glenmorangie Companta,
Glenmorangie Ealanta,
Glenmorangie Finealta,
Glenmorangie Lasanta,
Glenmorangie Nectar D'Or,
Glenmorangie Quinta Ruban,
Glenmorangie Signet,
Glenrothes 1998,
Glenrothes Select Reserve,
Grant's Family Reserve,
Green Spot,
Hakushu 12,
Hakushu 14 SMWS 120.7,
Hazelburn 8,
Henry McKenna 10 Single Barrel,
Hibiki 12,
Hibiki 17,
High West A Midwinter Nights Dram,
High West American Prairie Reserve,
High West Bourye,
High West Campfire,
High West Double Rye,
High West Rendezvous Rye,
High West Son of Bourye,
Highland Park 10,
Highland Park 12,
Highland Park 15,
Highland Park 15 Freya,
Highland Park 15 Loki,
Highland Park 18,
Highland Park 25,
Highland Park 8 MacPhail’s Collection,
Highland Park Dark Origins,
Jura Superstition,
Isle of Skye 8 Ian Macleod,
J&B Rare,
Jack Daniel's Old No. 7,
Jack Daniel's Single Barrel,
Jack Daniel's 12 yr,
Jack Daniel’s 10 yr,
Jameson,
Jameson 12,
Jefferson's 10 Year Rye Whiskey,
Jefferson's Presidential Select 18,
Jefferson's Very Small Batch,
Jim Beam Black 8 Double Aged,
Jim Beam Bonded,
Jim Beam Devil's Cut,
Jim Beam Signature Craft 12,
Jim Beam Single Barrel,
Jim Beam White Label,
John J. Bowman,
Johnnie Walker Black Label,
Johnnie Walker Blue Label,
Johnnie Walker Double Black,
Johnnie Walker Gold Label,
Johnnie Walker Green Label,
Johnnie Walker Platinum Label,
Johnnie Walker Red Label,
Jura 10,
Jura 16,
Jura Prophecy,
Kavalan Concertmaster,
Kavalan Solist Ex-Bourbon,
Kavalan Solist Sherry,
Kavalan Solist Vinho Barrique,
Kilchoman 100% Islay 3rd Edition,
Kilchoman 5 Single Bourbon Cask,
Kilchoman Loch Gorm,
Kilchoman Machir Bay,
Kilchoman Port Cask Matured,
Kilchoman Sherry Cask Release,
Kirkland Signature 20 Speyside Sherry Cask Finish,
Knob Creek 9 Small Batch,
Knob Creek Rye,
Knob Creek Single Barrel,
Knob Creek Single Barrel Reserve,
Lagavulin 12,
Lagavulin 16,
Lagavulin 1995 Distillers Edition,
Lagavulin 1997 Distillers Edition,
Laphroaig 10,
Laphroaig 10 Cask Strength,
Laphroaig 15,
Laphroaig 17 SMWS 29.157,
Laphroaig 18,
Laphroaig 25 Cask Strength 2008,
Laphroaig An Cuan Mor,
Laphroaig Cairdeas 2011 Ileach,
Laphroaig Cairdeas 2012 Origin,
Laphroaig Cairdeas 2013 Portwood,
Laphroaig Cairdeas 2014 Amontillado,
Laphroaig Cairdeas 2015,
Laphroaig PX Cask,
Laphroaig Quarter Cask,
Laphroaig Triplewood,
Larceny Small Batch Bourbon,
Ledaig 10,
Ledaig 7 /r/Scotch Community Cask,
Longmorn 19 Signatory 1992,
Longrow 11 Red Cabernet Sauvignon Cask,
Longrow CV,
Longrow Peated,
Longrow Red 11 Fresh Port Cask,
Lot No. 40,
Macallan 10 Fine Oak,
Macallan 12 Fine Oak,
Macallan 12 Sherry,
Macallan 15 Fine Oak,
Macallan 18 Sherry,
Macallan 25 Sherry,
Macallan Amber,
Macallan Gold,
Macallan Rare Cask,
Macallan Select Oak,
Macallan Sherry Cask Strength,
Macallan Sienna,
Mackinlay's Shackleton Rare Old Highland Malt Whisky,
Mackmyra First Edition,
Maker's Mark,
Maker's Mark 46,
Maker's Mark Cask Strength,
McClelland Highland,
McClelland Islay,
Monkey Shoulder,
Mortlach 15 Gordon & MacPhail,
Mortlach 16 Flora & Fauna,
Nikka Coffey Grain,
Nikka From The Barrel,
Nikka Yoichi 10,
Noah's Mill,
Oban 14,
Oban 18,
Old Crow Reserve,
Old Ezra 101,
Old Forester Birthday Bourbon 2013,
Old Forester Birthday Bourbon 2014,
Old Forester Signature,
Old Grand Dad 100 Bottled in Bond,
Old Grand Dad 114,
Old Grand Dad 86,
Old Pulteney 12,
Old Pulteney 17,
Old Pulteney 1990 – Single Cask Bottling for The Official Line,
Old Pulteney 21,
Old Rip Van Winkle 10 Year,
Old Weller Antique 107,
Orphan Barrel Barterhouse 20,
Orphan Barrel Old Blowhard 26,
Overeem Port Cask Cask Strength,
Pappy Van Winkle Family Reserve Bourbon 15,
Pappy Van Winkle Family Reserve Bourbon 20,
Parker's Heritage Collection Blend of Mashbills,
Parker's Heritage Collection Cognac Finished,
Parker's Heritage Collection Promise of Hope,
Parker's Heritage Collection Wheat Whiskey,
Pig's Nose,
Pike Creek 10,
Port Ellen 32 12th Release,
Redbreast 12,
Redbreast 12 Cask Strength B1/11,
Redbreast 15,
Rittenhouse Rye 100,
Rock Hill Farms Single Barrel Bourbon,
Rowan's Creek,
Royal Lochnagar 12,
Russell's Reserve 10,
Russell's Reserve Single Barrel,
Sazerac 18,
Sazerac Rye,
Scapa 16,
Seagram's Seven Crown,
Sheep Dip,
Singleton of Glendullan 12,
Smokehead,
Smooth Ambler Old Scout Bourbon 7 Year,
Smooth Ambler Old Scout Rye 7 Year,
Speyburn 10,
Speyburn Bradan Orach,
Springbank 10,
Springbank 10 100 Proof,
Springbank 12 Calvados Wood,
Springbank 12 Cask Strength,
Springbank 15,
Springbank 18,
Springbank 21,
Springbank CV,
Stagg Jr,
Stalk & Barrel Single Malt,
Talisker 10,
Talisker 18,
Talisker 25,
Talisker 30,
Talisker 57° North,
Talisker Distiller's Edition,
Talisker Distiller's Edition 2000,
Talisker Distiller's Edition 2012,
Talisker Distiller's Edition 2013,
Talisker Port Ruighe,
Talisker Storm,
Tamdhu 8 Signatory 2005,
Té Bheag,
Teacher's Highland Cream,
Teeling Small Batch,
Templeton Rye,
Thomas H. Handy,
Thomas H. Handy 2013,
Tobermory 10,
Tobermory 15,
Tomatin 12,
Tomatin 15,
Tomatin 18,
Tomatin Decades,
Tomintoul 10,
Tomintoul 14,
Tomintoul 16,
Tomintoul Peaty Tang,
Tyrconnell Irish Single Malt,
Van Winkle Family Reserve Rye 13 Years Old,
Van Winkle Special Reserve 12 Year Lot B,
Very Old Barton Bottled In Bond,
W.L. Weller 12,
W.L. Weller Special Reserve,
Whistle Pig 10 Straight Rye,
Whistle Pig Boss Hog,
White Oak Akashi 14,
Wild Turkey 101,
Wild Turkey 101 Rye,
Wild Turkey 81,
Wild Turkey Forgiven,
Wild Turkey Rare Breed,
Willett 4 Year Rye,
Willett Family Estate 2 Year Small Batch Rye,
William Larue Weller,
Wiser's Legacy,
Woodford Reserve,
Woodford Reserve Distiller's Select,
Woodford Reserve Double Oaked,
Yamazaki 12,
Yamazaki 18,
Yoichi 26 SMWS 116.20,
West, West

